id,rank,1999,2000,2001,2002,2003,2004,2005,2006,2007,2008,2009,2010,2011,2012,2013,2014,2015,2016,2017,2018
0,Novak Djokovic,NULL,NULL,NULL,NULL,NULL,NULL,78,16,3,3,3,3,1,1,2,1,1,2,12,1
1,Rafael Nadal,NULL,NULL,NULL,NULL,49,51,2,2,2,1,2,1,2,4,1,3,5,9,1,2
2,Roger Federer,64,29,13,6,2,1,1,1,1,2,1,2,3,2,6,2,3,16,2,3
3,Alexander Zverev,NULL,NULL,NULL,NULL,NULL,NULL,NULL,NULL,NULL,NULL,NULL,NULL,NULL,NULL,NULL,NULL,83,24,4,4
4,Juan Martin del Potro,NULL,NULL,NULL,NULL,NULL,NULL,NULL,92,44,9,5,NULL,11,7,5,NULL,NULL,38,11,5
5,Kevin Anderson,NULL,NULL,NULL,NULL,NULL,NULL,NULL,NULL,NULL,NULL,NULL,61,32,37,20,16,12,67,14,6
6,Marin Cilic,NULL,NULL,NULL,NULL,NULL,NULL,NULL,NULL,71,23,14,14,21,15,37,9,13,6,6,7
7,Dominic Thiem,NULL,NULL,NULL,NULL,NULL,NULL,NULL,NULL,NULL,NULL,NULL,NULL,NULL,NULL,NULL,39,20,8,5,8
8,Kei Nishikori,NULL,NULL,NULL,NULL,NULL,NULL,NULL,NULL,NULL,63,NULL,98,25,19,17,5,8,5,22,9
9,John Isner,NULL,NULL,NULL,NULL,NULL,NULL,NULL,NULL,NULL,NULL,34,19,18,14,14,19,11,19,17,10
10,Karen Khachanov,NULL,NULL,NULL,NULL,NULL,NULL,NULL,NULL,NULL,NULL,NULL,NULL,NULL,NULL,NULL,NULL,NULL,53,45,11
11,Borna Coric,NULL,NULL,NULL,NULL,NULL,NULL,NULL,NULL,NULL,NULL,NULL,NULL,NULL,NULL,NULL,NULL,44,48,48,12
12,Fabio Fognini,NULL,NULL,NULL,NULL,NULL,NULL,NULL,NULL,95,88,54,55,48,45,16,20,21,49,27,13
13,Kyle Edmund,NULL,NULL,NULL,NULL,NULL,NULL,NULL,NULL,NULL,NULL,NULL,NULL,NULL,NULL,NULL,NULL,NULL,45,50,14
14,Stefanos Tsitsipas,NULL,NULL,NULL,NULL,NULL,NULL,NULL,NULL,NULL,NULL,NULL,NULL,NULL,NULL,NULL,NULL,NULL,NULL,91,15
15,Daniil Medvedev,NULL,NULL,NULL,NULL,NULL,NULL,NULL,NULL,NULL,NULL,NULL,NULL,NULL,NULL,NULL,NULL,NULL,99,65,16
16,Diego Schwartzman,NULL,NULL,NULL,NULL,NULL,NULL,NULL,NULL,NULL,NULL,NULL,NULL,NULL,NULL,NULL,61,88,52,26,17
17,Milos Raonic,NULL,NULL,NULL,NULL,NULL,NULL,NULL,NULL,NULL,NULL,NULL,NULL,31,13,11,8,14,3,24,18
18,Grigor Dimitrov,NULL,NULL,NULL,NULL,NULL,NULL,NULL,NULL,NULL,NULL,NULL,NULL,76,48,23,11,28,17,3,19
19,Marco Cecchinato,NULL,NULL,NULL,NULL,NULL,NULL,NULL,NULL,NULL,NULL,NULL,NULL,NULL,NULL,NULL,NULL,90,NULL,NULL,20
20,Nikoloz Basilashvili,NULL,NULL,NULL,NULL,NULL,NULL,NULL,NULL,NULL,NULL,NULL,NULL,NULL,NULL,NULL,NULL,NULL,94,59,21
21,David Goffin,NULL,NULL,NULL,NULL,NULL,NULL,NULL,NULL,NULL,NULL,NULL,NULL,NULL,46,NULL,22,16,11,7,22
22,Pablo Carreno Busta,NULL,NULL,NULL,NULL,NULL,NULL,NULL,NULL,NULL,NULL,NULL,NULL,NULL,NULL,64,51,67,30,10,23
23,Roberto Bautista Agut,NULL,NULL,NULL,NULL,NULL,NULL,NULL,NULL,NULL,NULL,NULL,NULL,NULL,80,58,15,25,14,20,24
24,Hyeon Chung,NULL,NULL,NULL,NULL,NULL,NULL,NULL,NULL,NULL,NULL,NULL,NULL,NULL,NULL,NULL,NULL,51,NULL,58,25
25,Richard Gasquet,NULL,NULL,NULL,NULL,93,NULL,16,18,8,25,52,30,19,10,9,26,9,18,31,26
26,Denis Shapovalov,NULL,NULL,NULL,NULL,NULL,NULL,NULL,NULL,NULL,NULL,NULL,NULL,NULL,NULL,NULL,NULL,NULL,NULL,51,27
27,Fernando Verdasco,NULL,NULL,NULL,NULL,NULL,36,32,35,26,16,9,9,24,24,30,33,49,42,35,28
28,Gael Monfils,NULL,NULL,NULL,NULL,NULL,NULL,30,46,38,14,13,12,16,77,31,18,24,7,46,29
29,Gilles Simon,NULL,NULL,NULL,NULL,NULL,NULL,NULL,45,29,7,15,41,12,16,19,21,15,25,89,30
30,Alex de Minaur,NULL,NULL,NULL,NULL,NULL,NULL,NULL,NULL,NULL,NULL,NULL,NULL,NULL,NULL,NULL,NULL,NULL,NULL,NULL,31
31,Lucas Pouille,NULL,NULL,NULL,NULL,NULL,NULL,NULL,NULL,NULL,NULL,NULL,NULL,NULL,NULL,NULL,NULL,78,15,18,32
32,Steve Johnson,NULL,NULL,NULL,NULL,NULL,NULL,NULL,NULL,NULL,NULL,NULL,NULL,NULL,NULL,NULL,37,32,33,44,33
33,Philipp Kohlschreiber,NULL,NULL,NULL,NULL,NULL,88,86,62,32,28,27,34,43,20,22,24,34,32,29,34
34,Nick Kyrgios,NULL,NULL,NULL,NULL,NULL,NULL,NULL,NULL,NULL,NULL,NULL,NULL,NULL,NULL,NULL,52,30,13,21,35
35,Marton Fucsovics,NULL,NULL,NULL,NULL,NULL,NULL,NULL,NULL,NULL,NULL,NULL,NULL,NULL,NULL,NULL,NULL,NULL,NULL,85,36
36,Andreas Seppi,NULL,NULL,NULL,NULL,NULL,NULL,68,74,50,35,49,52,38,23,25,45,29,87,86,37
37,John Millman,NULL,NULL,NULL,NULL,NULL,NULL,NULL,NULL,NULL,NULL,NULL,NULL,NULL,NULL,NULL,NULL,92,84,NULL,38
38,Frances Tiafoe,NULL,NULL,NULL,NULL,NULL,NULL,NULL,NULL,NULL,NULL,NULL,NULL,NULL,NULL,NULL,NULL,NULL,NULL,79,39
39,Jeremy Chardy,NULL,NULL,NULL,NULL,NULL,NULL,NULL,NULL,NULL,75,32,45,NULL,32,34,29,31,69,78,40
40,Martin Klizan,NULL,NULL,NULL,NULL,NULL,NULL,NULL,NULL,NULL,NULL,NULL,NULL,NULL,30,NULL,34,43,35,NULL,41
41,Adrian Mannarino,NULL,NULL,NULL,NULL,NULL,NULL,NULL,NULL,NULL,NULL,NULL,83,87,NULL,59,44,47,60,28,42
42,Nicolas Jarry,NULL,NULL,NULL,NULL,NULL,NULL,NULL,NULL,NULL,NULL,NULL,NULL,NULL,NULL,NULL,NULL,NULL,NULL,NULL,43
43,Joao Sousa,NULL,NULL,NULL,NULL,NULL,NULL,NULL,NULL,NULL,NULL,NULL,NULL,NULL,NULL,49,54,33,43,57,44
44,Malek Jaziri,NULL,NULL,NULL,NULL,NULL,NULL,NULL,NULL,NULL,NULL,NULL,NULL,NULL,NULL,NULL,76,NULL,58,98,45
45,Matthew Ebden,NULL,NULL,NULL,NULL,NULL,NULL,NULL,NULL,NULL,NULL,NULL,NULL,86,NULL,68,NULL,NULL,NULL,76,46
46,Damir Dzumhur,NULL,NULL,NULL,NULL,NULL,NULL,NULL,NULL,NULL,NULL,NULL,NULL,NULL,NULL,NULL,NULL,82,77,30,47
47,Dusan Lajovic,NULL,NULL,NULL,NULL,NULL,NULL,NULL,NULL,NULL,NULL,NULL,NULL,NULL,NULL,NULL,69,76,93,75,48
48,Taylor Fritz,NULL,NULL,NULL,NULL,NULL,NULL,NULL,NULL,NULL,NULL,NULL,NULL,NULL,NULL,NULL,NULL,NULL,76,NULL,49
49,Robin Haase,NULL,NULL,NULL,NULL,NULL,NULL,NULL,NULL,NULL,NULL,NULL,65,45,56,43,83,66,59,42,50
50,Sam Querrey,NULL,NULL,NULL,NULL,NULL,NULL,NULL,NULL,63,39,25,18,93,22,46,35,59,31,13,51
51,Benoit Paire,NULL,NULL,NULL,NULL,NULL,NULL,NULL,NULL,NULL,NULL,NULL,NULL,95,47,26,NULL,19,47,41,52
52,Mikhail Kukushkin,NULL,NULL,NULL,NULL,NULL,NULL,NULL,NULL,NULL,NULL,NULL,59,91,NULL,67,70,65,89,74,53
53,Matteo Berrettini,NULL,NULL,NULL,NULL,NULL,NULL,NULL,NULL,NULL,NULL,NULL,NULL,NULL,NULL,NULL,NULL,NULL,NULL,NULL,54
54,Pierre-Hugues Herbert,NULL,NULL,NULL,NULL,NULL,NULL,NULL,NULL,NULL,NULL,NULL,NULL,NULL,NULL,NULL,NULL,NULL,78,81,55
55,Leonardo Mayer,NULL,NULL,NULL,NULL,NULL,NULL,NULL,NULL,NULL,NULL,75,94,78,71,94,28,35,NULL,52,56
56,Jan-Lennard Struff,NULL,NULL,NULL,NULL,NULL,NULL,NULL,NULL,NULL,NULL,NULL,NULL,NULL,NULL,NULL,59,NULL,63,53,57
57,Guido Pella,NULL,NULL,NULL,NULL,NULL,NULL,NULL,NULL,NULL,NULL,NULL,NULL,NULL,97,NULL,NULL,74,80,64,58
58,Peter Gojowczyk,NULL,NULL,NULL,NULL,NULL,NULL,NULL,NULL,NULL,NULL,NULL,NULL,NULL,NULL,NULL,79,NULL,NULL,60,59
59,Marius Copil,NULL,NULL,NULL,NULL,NULL,NULL,NULL,NULL,NULL,NULL,NULL,NULL,NULL,NULL,NULL,NULL,NULL,NULL,93,60
60,Tennys Sandgren,NULL,NULL,NULL,NULL,NULL,NULL,NULL,NULL,NULL,NULL,NULL,NULL,NULL,NULL,NULL,NULL,NULL,NULL,96,61
61,Ryan Harrison,NULL,NULL,NULL,NULL,NULL,NULL,NULL,NULL,NULL,NULL,NULL,NULL,79,69,100,NULL,NULL,90,47,62
62,Denis Kudla,NULL,NULL,NULL,NULL,NULL,NULL,NULL,NULL,NULL,NULL,NULL,NULL,NULL,NULL,NULL,NULL,69,NULL,NULL,63
63,Feliciano Lopez,NULL,NULL,NULL,62,28,25,33,79,35,30,47,32,20,40,28,14,17,28,36,64
64,Albert Ramos-Vinolas,NULL,NULL,NULL,NULL,NULL,NULL,NULL,NULL,NULL,NULL,NULL,NULL,66,50,83,63,54,27,23,65
65,Stan Wawrinka,NULL,NULL,NULL,NULL,NULL,NULL,54,30,36,13,21,21,17,17,8,4,4,4,9,66
66,Aljaz Bedene,NULL,NULL,NULL,NULL,NULL,NULL,NULL,NULL,NULL,NULL,NULL,NULL,NULL,86,95,NULL,45,NULL,49,67
67,Andrey Rublev,NULL,NULL,NULL,NULL,NULL,NULL,NULL,NULL,NULL,NULL,NULL,NULL,NULL,NULL,NULL,NULL,NULL,NULL,39,68
68,Mischa Zverev,NULL,NULL,NULL,NULL,NULL,NULL,NULL,NULL,88,80,78,82,NULL,NULL,NULL,NULL,NULL,51,33,69
69,Vasek Pospisil,NULL,NULL,NULL,NULL,NULL,NULL,NULL,NULL,NULL,NULL,NULL,NULL,NULL,NULL,32,53,39,NULL,NULL,70
70,Tomas Berdych,NULL,NULL,NULL,NULL,NULL,45,24,13,14,20,20,6,7,6,7,7,6,10,19,71
71,Jordan Thompson,NULL,NULL,NULL,NULL,NULL,NULL,NULL,NULL,NULL,NULL,NULL,NULL,NULL,NULL,NULL,NULL,NULL,79,94,72
72,Roberto Carballes Baena,NULL,NULL,NULL,NULL,NULL,NULL,NULL,NULL,NULL,NULL,NULL,NULL,NULL,NULL,NULL,NULL,NULL,NULL,NULL,73
73,Maximilian Marterer,NULL,NULL,NULL,NULL,NULL,NULL,NULL,NULL,NULL,NULL,NULL,NULL,NULL,NULL,NULL,NULL,NULL,NULL,90,74
74,Yoshihito Nishioka,NULL,NULL,NULL,NULL,NULL,NULL,NULL,NULL,NULL,NULL,NULL,NULL,NULL,NULL,NULL,NULL,NULL,100,NULL,75
75,Bradley Klahn,NULL,NULL,NULL,NULL,NULL,NULL,NULL,NULL,NULL,NULL,NULL,NULL,NULL,NULL,97,NULL,NULL,NULL,NULL,76
76,Taro Daniel,NULL,NULL,NULL,NULL,NULL,NULL,NULL,NULL,NULL,NULL,NULL,NULL,NULL,NULL,NULL,NULL,96,NULL,99,77
77,Mackenzie McDonald,NULL,NULL,NULL,NULL,NULL,NULL,NULL,NULL,NULL,NULL,NULL,NULL,NULL,NULL,NULL,NULL,NULL,NULL,NULL,78
78,Guido Andreozzi,NULL,NULL,NULL,NULL,NULL,NULL,NULL,NULL,NULL,NULL,NULL,NULL,NULL,NULL,NULL,NULL,NULL,NULL,NULL,79
79,Federico Delbonis,NULL,NULL,NULL,NULL,NULL,NULL,NULL,NULL,NULL,NULL,NULL,NULL,NULL,NULL,55,60,52,41,68,80
80,Jaume Munar,NULL,NULL,NULL,NULL,NULL,NULL,NULL,NULL,NULL,NULL,NULL,NULL,NULL,NULL,NULL,NULL,NULL,NULL,NULL,81
81,Pablo Andujar,NULL,NULL,NULL,NULL,NULL,NULL,NULL,NULL,NULL,NULL,NULL,71,46,42,48,41,64,NULL,NULL,82
82,Bernard Tomic,NULL,NULL,NULL,NULL,NULL,NULL,NULL,NULL,NULL,NULL,NULL,NULL,42,52,51,56,18,26,NULL,83
83,Cristian Garin,NULL,NULL,NULL,NULL,NULL,NULL,NULL,NULL,NULL,NULL,NULL,NULL,NULL,NULL,NULL,NULL,NULL,NULL,NULL,84
84,Jozef Kovalik,NULL,NULL,NULL,NULL,NULL,NULL,NULL,NULL,NULL,NULL,NULL,NULL,NULL,NULL,NULL,NULL,NULL,NULL,NULL,85
85,Hubert Hurkacz,NULL,NULL,NULL,NULL,NULL,NULL,NULL,NULL,NULL,NULL,NULL,NULL,NULL,NULL,NULL,NULL,NULL,NULL,NULL,86
86,Mirza Basic,NULL,NULL,NULL,NULL,NULL,NULL,NULL,NULL,NULL,NULL,NULL,NULL,NULL,NULL,NULL,NULL,NULL,NULL,NULL,87
87,Pablo Cuevas,NULL,NULL,NULL,NULL,NULL,NULL,NULL,NULL,NULL,NULL,50,63,NULL,NULL,NULL,30,40,22,32,88
88,Jiri Vesely,NULL,NULL,NULL,NULL,NULL,NULL,NULL,NULL,NULL,NULL,NULL,NULL,NULL,NULL,85,66,41,55,62,89
89,Cameron Norrie,NULL,NULL,NULL,NULL,NULL,NULL,NULL,NULL,NULL,NULL,NULL,NULL,NULL,NULL,NULL,NULL,NULL,NULL,NULL,90
90,Ilya Ivashka,NULL,NULL,NULL,NULL,NULL,NULL,NULL,NULL,NULL,NULL,NULL,NULL,NULL,NULL,NULL,NULL,NULL,NULL,NULL,91
91,Denis Istomin,NULL,NULL,NULL,NULL,NULL,NULL,NULL,NULL,NULL,NULL,NULL,40,73,43,45,49,61,NULL,63,92
92,Laslo Djere,NULL,NULL,NULL,NULL,NULL,NULL,NULL,NULL,NULL,NULL,NULL,NULL,NULL,NULL,NULL,NULL,NULL,NULL,88,93
93,Filip Krajinovic,NULL,NULL,NULL,NULL,NULL,NULL,NULL,NULL,NULL,NULL,NULL,NULL,NULL,NULL,NULL,100,NULL,NULL,34,94
94,Ernests Gulbis,NULL,NULL,NULL,NULL,NULL,NULL,NULL,NULL,61,53,90,24,61,NULL,24,13,81,NULL,NULL,95
95,Marcel Granollers,NULL,NULL,NULL,NULL,NULL,NULL,NULL,NULL,NULL,56,91,42,27,34,38,46,84,37,NULL,96
96,Evgeny Donskoy,NULL,NULL,NULL,NULL,NULL,NULL,NULL,NULL,NULL,NULL,NULL,NULL,NULL,81,NULL,NULL,91,NULL,72,97
97,Radu Albot,NULL,NULL,NULL,NULL,NULL,NULL,NULL,NULL,NULL,NULL,NULL,NULL,NULL,NULL,NULL,NULL,NULL,97,87,98
98,Reilly Opelka,NULL,NULL,NULL,NULL,NULL,NULL,NULL,NULL,NULL,NULL,NULL,NULL,NULL,NULL,NULL,NULL,NULL,NULL,NULL,99
99,Ivo Karlovic,NULL,NULL,NULL,NULL,73,61,70,98,22,26,37,73,56,100,78,27,23,20,80,100
100,Jack Sock,NULL,NULL,NULL,NULL,NULL,NULL,NULL,NULL,NULL,NULL,NULL,NULL,NULL,NULL,NULL,42,26,23,8,NULL
101,Jo-Wilfried Tsonga,NULL,NULL,NULL,NULL,NULL,NULL,NULL,NULL,43,6,10,13,6,8,10,12,10,12,15,NULL
102,Andy Murray,NULL,NULL,NULL,NULL,NULL,NULL,64,17,11,4,4,4,4,3,4,6,2,1,16,NULL
103,Gilles Muller,NULL,NULL,NULL,NULL,NULL,69,76,NULL,NULL,95,NULL,NULL,54,67,NULL,47,38,34,25,NULL
104,David Ferrer,NULL,NULL,NULL,59,71,49,14,14,5,12,17,7,5,5,3,10,7,21,37,NULL
105,Alexandr Dolgopolov,NULL,NULL,NULL,NULL,NULL,NULL,NULL,NULL,NULL,NULL,NULL,48,15,18,57,23,36,62,38,NULL
106,Yuichi Sugita,NULL,NULL,NULL,NULL,NULL,NULL,NULL,NULL,NULL,NULL,NULL,NULL,NULL,NULL,NULL,NULL,NULL,NULL,40,NULL
107,Paolo Lorenzi,NULL,NULL,NULL,NULL,NULL,NULL,NULL,NULL,NULL,NULL,84,NULL,NULL,64,NULL,64,68,40,43,NULL
108,Jared Donaldson,NULL,NULL,NULL,NULL,NULL,NULL,NULL,NULL,NULL,NULL,NULL,NULL,NULL,NULL,NULL,NULL,NULL,NULL,54,NULL
109,Viktor Troicki,NULL,NULL,NULL,NULL,NULL,NULL,NULL,NULL,NULL,57,29,28,22,38,75,NULL,22,29,55,NULL
110,Julien Benneteau,NULL,NULL,NULL,NULL,NULL,65,NULL,40,68,43,46,44,52,35,35,25,NULL,NULL,56,NULL
111,Donald Young,NULL,NULL,NULL,NULL,NULL,NULL,NULL,NULL,100,NULL,NULL,NULL,39,NULL,96,57,48,88,61,NULL
112,Horacio Zeballos,NULL,NULL,NULL,NULL,NULL,NULL,NULL,NULL,NULL,NULL,45,NULL,NULL,85,56,NULL,NULL,71,66,NULL
113,Dudi Sela,NULL,NULL,NULL,NULL,NULL,NULL,NULL,NULL,64,NULL,43,75,83,NULL,73,98,100,96,67,NULL
114,Florian Mayer,NULL,NULL,NULL,NULL,NULL,35,72,56,55,NULL,61,37,23,28,40,NULL,NULL,50,69,NULL
115,Guillermo Garcia-Lopez,NULL,NULL,NULL,NULL,NULL,NULL,91,68,90,62,41,33,65,76,62,36,27,70,70,NULL
116,Yen-Hsun Lu,NULL,NULL,NULL,NULL,NULL,87,NULL,89,NULL,64,98,35,82,59,65,38,77,64,71,NULL
117,Thomas Fabbiano,NULL,NULL,NULL,NULL,NULL,NULL,NULL,NULL,NULL,NULL,NULL,NULL,NULL,NULL,NULL,NULL,NULL,NULL,73,NULL
118,Steve Darcis,NULL,NULL,NULL,NULL,NULL,NULL,NULL,NULL,86,61,NULL,NULL,88,93,NULL,NULL,86,86,77,NULL
119,Cedrik-Marcel Stebe,NULL,NULL,NULL,NULL,NULL,NULL,NULL,NULL,NULL,NULL,NULL,NULL,81,NULL,NULL,NULL,NULL,NULL,82,NULL
120,Victor Estrella Burgos,NULL,NULL,NULL,NULL,NULL,NULL,NULL,NULL,NULL,NULL,NULL,NULL,NULL,NULL,NULL,78,56,NULL,83,NULL
121,Mikhail Youzhny,NULL,NULL,58,32,43,16,43,24,19,32,19,10,35,25,15,48,NULL,57,84,NULL
122,Lukas Lacko,NULL,NULL,NULL,NULL,NULL,NULL,NULL,NULL,NULL,NULL,82,89,NULL,51,81,94,NULL,NULL,92,NULL
123,Nicolas Kicker,NULL,NULL,NULL,NULL,NULL,NULL,NULL,NULL,NULL,NULL,NULL,NULL,NULL,NULL,NULL,NULL,NULL,NULL,95,NULL
124,Blaz Kavcic,NULL,NULL,NULL,NULL,NULL,NULL,NULL,NULL,NULL,NULL,NULL,NULL,92,94,NULL,NULL,NULL,NULL,97,NULL
125,Gerald Melzer,NULL,NULL,NULL,NULL,NULL,NULL,NULL,NULL,NULL,NULL,NULL,NULL,NULL,NULL,NULL,NULL,NULL,68,100,NULL
126,Marcos Baghdatis,NULL,NULL,NULL,NULL,NULL,NULL,55,12,16,98,42,20,44,36,87,85,46,36,NULL,NULL
127,Nicolas Mahut,NULL,NULL,NULL,NULL,94,NULL,NULL,66,45,94,NULL,NULL,80,NULL,50,NULL,71,39,NULL,NULL
128,Nicolas Almagro,NULL,NULL,NULL,NULL,NULL,NULL,NULL,32,28,18,26,15,10,11,13,71,73,44,NULL,NULL
129,Andrey Kuznetsov,NULL,NULL,NULL,NULL,NULL,NULL,NULL,NULL,NULL,NULL,NULL,NULL,NULL,78,NULL,92,79,46,NULL,NULL
130,Stephane Robert,NULL,NULL,NULL,NULL,NULL,NULL,NULL,NULL,NULL,NULL,NULL,NULL,NULL,NULL,NULL,NULL,NULL,54,NULL,NULL
131,Facundo Bagnis,NULL,NULL,NULL,NULL,NULL,NULL,NULL,NULL,NULL,NULL,NULL,NULL,NULL,NULL,NULL,NULL,NULL,56,NULL,NULL
132,Thomaz Bellucci,NULL,NULL,NULL,NULL,NULL,NULL,NULL,NULL,NULL,85,36,31,37,33,NULL,65,37,61,NULL,NULL
133,Juan Monaco,NULL,NULL,NULL,NULL,NULL,73,85,69,23,46,30,26,26,12,42,62,53,65,NULL,NULL
134,Daniel Evans,NULL,NULL,NULL,NULL,NULL,NULL,NULL,NULL,NULL,NULL,NULL,NULL,NULL,NULL,NULL,NULL,NULL,66,NULL,NULL
135,Dustin Brown,NULL,NULL,NULL,NULL,NULL,NULL,NULL,NULL,NULL,NULL,NULL,92,NULL,NULL,NULL,89,NULL,72,NULL,NULL
136,Paul-Henri Mathieu,NULL,NULL,NULL,36,83,NULL,46,55,25,31,33,97,NULL,58,NULL,96,95,73,NULL,NULL
137,Illya Marchenko,NULL,NULL,NULL,NULL,NULL,NULL,NULL,NULL,NULL,NULL,NULL,81,NULL,NULL,NULL,NULL,94,74,NULL,NULL
138,Adam Pavlasek,NULL,NULL,NULL,NULL,NULL,NULL,NULL,NULL,NULL,NULL,NULL,NULL,NULL,NULL,NULL,NULL,NULL,75,NULL,NULL
139,Gastao Elias,NULL,NULL,NULL,NULL,NULL,NULL,NULL,NULL,NULL,NULL,NULL,NULL,NULL,NULL,NULL,NULL,NULL,81,NULL,NULL
140,Thiago Monteiro,NULL,NULL,NULL,NULL,NULL,NULL,NULL,NULL,NULL,NULL,NULL,NULL,NULL,NULL,NULL,NULL,NULL,82,NULL,NULL
141,Renzo Olivo,NULL,NULL,NULL,NULL,NULL,NULL,NULL,NULL,NULL,NULL,NULL,NULL,NULL,NULL,NULL,NULL,NULL,83,NULL,NULL
142,Konstantin Kravchuk,NULL,NULL,NULL,NULL,NULL,NULL,NULL,NULL,NULL,NULL,NULL,NULL,NULL,NULL,NULL,NULL,NULL,85,NULL,NULL
143,Santiago Giraldo,NULL,NULL,NULL,NULL,NULL,NULL,NULL,NULL,NULL,NULL,NULL,64,55,57,69,32,70,91,NULL,NULL
144,Ricardas Berankis,NULL,NULL,NULL,NULL,NULL,NULL,NULL,NULL,NULL,NULL,NULL,87,NULL,NULL,NULL,86,85,92,NULL,NULL
145,Carlos Berlocq,NULL,NULL,NULL,NULL,NULL,NULL,79,NULL,85,NULL,NULL,66,60,66,41,72,NULL,95,NULL,NULL
146,Rogerio Dutra Silva,NULL,NULL,NULL,NULL,NULL,NULL,NULL,NULL,NULL,NULL,NULL,NULL,NULL,NULL,NULL,NULL,NULL,98,NULL,NULL
147,Tommy Robredo,NULL,NULL,30,30,21,13,19,7,10,21,16,50,51,NULL,18,17,42,NULL,NULL,NULL
148,Teymuraz Gabashvili,NULL,NULL,NULL,NULL,NULL,NULL,NULL,NULL,NULL,65,NULL,80,NULL,NULL,76,67,50,NULL,NULL,NULL
149,Lukas Rosol,NULL,NULL,NULL,NULL,NULL,NULL,NULL,NULL,NULL,NULL,NULL,NULL,70,73,47,31,55,NULL,NULL,NULL
150,Jerzy Janowicz,NULL,NULL,NULL,NULL,NULL,NULL,NULL,NULL,NULL,NULL,NULL,NULL,NULL,26,21,43,57,NULL,NULL,NULL
151,Simone Bolelli,NULL,NULL,NULL,NULL,NULL,NULL,NULL,NULL,67,41,93,NULL,NULL,84,NULL,55,58,NULL,NULL,NULL
152,Sam Groth,NULL,NULL,NULL,NULL,NULL,NULL,NULL,NULL,NULL,NULL,NULL,NULL,NULL,NULL,NULL,81,60,NULL,NULL,NULL
153,Sergiy Stakhovsky,NULL,NULL,NULL,NULL,NULL,NULL,NULL,NULL,NULL,92,60,46,62,NULL,98,58,62,NULL,NULL,NULL
154,Andreas Haider-Maurer,NULL,NULL,NULL,NULL,NULL,NULL,NULL,NULL,NULL,NULL,NULL,NULL,NULL,NULL,NULL,82,63,NULL,NULL,NULL
155,Inigo Cervantes,NULL,NULL,NULL,NULL,NULL,NULL,NULL,NULL,NULL,NULL,NULL,NULL,NULL,NULL,NULL,NULL,72,NULL,NULL,NULL
156,Daniel Munoz de la Nava,NULL,NULL,NULL,NULL,NULL,NULL,NULL,NULL,NULL,NULL,NULL,NULL,NULL,NULL,NULL,NULL,75,NULL,NULL,NULL
157,Thanasi Kokkinakis,NULL,NULL,NULL,NULL,NULL,NULL,NULL,NULL,NULL,NULL,NULL,NULL,NULL,NULL,NULL,NULL,80,NULL,NULL,NULL
158,Ivan Dodig,NULL,NULL,NULL,NULL,NULL,NULL,NULL,NULL,NULL,NULL,NULL,88,36,72,33,95,87,NULL,NULL,NULL
159,Rajeev Ram,NULL,NULL,NULL,NULL,NULL,NULL,NULL,NULL,NULL,NULL,79,NULL,NULL,NULL,NULL,NULL,89,NULL,NULL,NULL
160,Yuki Bhambri,NULL,NULL,NULL,NULL,NULL,NULL,NULL,NULL,NULL,NULL,NULL,NULL,NULL,NULL,NULL,NULL,93,NULL,NULL,NULL
161,Benjamin Becker,NULL,NULL,NULL,NULL,NULL,NULL,NULL,58,84,NULL,40,53,NULL,65,79,40,97,NULL,NULL,NULL
162,Daniel Gimeno-Traver,NULL,NULL,NULL,NULL,NULL,NULL,NULL,NULL,NULL,90,72,56,NULL,70,77,NULL,98,NULL,NULL,NULL
163,Thiemo de Bakker,NULL,NULL,NULL,NULL,NULL,NULL,NULL,NULL,NULL,NULL,96,43,NULL,NULL,NULL,NULL,99,NULL,NULL,NULL
164,Lleyton Hewitt,25,7,1,1,17,3,4,20,21,67,22,54,NULL,83,60,50,NULL,NULL,NULL,NULL
165,Radek Stepanek,NULL,NULL,NULL,63,46,33,20,19,30,27,12,62,28,31,44,68,NULL,NULL,NULL,NULL
166,Jarkko Nieminen,NULL,NULL,61,40,36,77,28,15,27,37,88,39,77,41,39,73,NULL,NULL,NULL,NULL
167,Andrey Golubev,NULL,NULL,NULL,NULL,NULL,NULL,NULL,NULL,NULL,89,NULL,36,NULL,NULL,82,74,NULL,NULL,NULL,NULL
168,Marinko Matosevic,NULL,NULL,NULL,NULL,NULL,NULL,NULL,NULL,NULL,NULL,NULL,NULL,NULL,49,61,75,NULL,NULL,NULL,NULL
169,Tommy Haas,11,23,8,11,NULL,17,45,11,12,82,18,NULL,NULL,21,12,77,NULL,NULL,NULL,NULL
170,Blaz Rola,NULL,NULL,NULL,NULL,NULL,NULL,NULL,NULL,NULL,NULL,NULL,NULL,NULL,NULL,NULL,80,NULL,NULL,NULL,NULL
171,Igor Sijsling,NULL,NULL,NULL,NULL,NULL,NULL,NULL,NULL,NULL,NULL,NULL,NULL,NULL,68,70,84,NULL,NULL,NULL,NULL
172,Edouard Roger-Vasselin,NULL,NULL,NULL,NULL,NULL,NULL,NULL,NULL,97,NULL,NULL,NULL,NULL,NULL,52,87,NULL,NULL,NULL,NULL
173,Alejandro Falla,NULL,NULL,NULL,NULL,NULL,NULL,NULL,NULL,81,NULL,81,NULL,74,54,99,88,NULL,NULL,NULL,NULL
174,Joao Souza,NULL,NULL,NULL,NULL,NULL,NULL,NULL,NULL,NULL,NULL,NULL,NULL,NULL,NULL,NULL,90,NULL,NULL,NULL,NULL
175,Alejandro Gonzalez,NULL,NULL,NULL,NULL,NULL,NULL,NULL,NULL,NULL,NULL,NULL,NULL,NULL,NULL,91,91,NULL,NULL,NULL,NULL
176,Tatsuma Ito,NULL,NULL,NULL,NULL,NULL,NULL,NULL,NULL,NULL,NULL,NULL,NULL,NULL,79,NULL,93,NULL,NULL,NULL,NULL
177,Tobias Kamke,NULL,NULL,NULL,NULL,NULL,NULL,NULL,NULL,NULL,NULL,NULL,67,96,98,74,97,NULL,NULL,NULL,NULL
178,Go Soeda,NULL,NULL,NULL,NULL,NULL,NULL,NULL,NULL,NULL,NULL,NULL,NULL,NULL,60,NULL,99,NULL,NULL,NULL,NULL
179,Jurgen Melzer,NULL,NULL,NULL,91,79,39,52,41,60,34,28,11,33,29,27,NULL,NULL,NULL,NULL,NULL
180,Dmitry Tursunov,NULL,NULL,NULL,NULL,98,80,60,22,34,22,89,NULL,40,NULL,29,NULL,NULL,NULL,NULL,NULL
181,Janko Tipsarevic,NULL,NULL,NULL,NULL,NULL,NULL,NULL,64,52,49,38,49,9,9,36,NULL,NULL,NULL,NULL,NULL
182,Nikolay Davydenko,NULL,NULL,79,81,44,28,5,3,4,5,6,22,41,44,53,NULL,NULL,NULL,NULL,NULL
183,Daniel Brands,NULL,NULL,NULL,NULL,NULL,NULL,NULL,NULL,NULL,NULL,92,NULL,NULL,NULL,54,NULL,NULL,NULL,NULL,NULL
184,Albert Montanes,NULL,NULL,65,78,81,99,71,85,46,45,31,25,53,96,63,NULL,NULL,NULL,NULL,NULL
185,Michal Przysiezny,NULL,NULL,NULL,NULL,NULL,NULL,NULL,NULL,NULL,NULL,NULL,86,NULL,NULL,66,NULL,NULL,NULL,NULL,NULL
186,Filippo Volandri,NULL,NULL,NULL,NULL,47,43,38,38,40,NULL,NULL,91,69,88,71,NULL,NULL,NULL,NULL,NULL
187,Lukasz Kubot,NULL,NULL,NULL,NULL,NULL,NULL,NULL,NULL,NULL,NULL,NULL,70,57,74,72,NULL,NULL,NULL,NULL,NULL
188,Victor Hanescu,NULL,NULL,NULL,NULL,70,92,35,NULL,76,50,48,51,90,62,80,NULL,NULL,NULL,NULL,NULL
189,Kenny De Schepper,NULL,NULL,NULL,NULL,NULL,NULL,NULL,NULL,NULL,NULL,NULL,NULL,NULL,NULL,84,NULL,NULL,NULL,NULL,NULL
190,Julian Reister,NULL,NULL,NULL,NULL,NULL,NULL,NULL,NULL,NULL,NULL,NULL,NULL,NULL,NULL,86,NULL,NULL,NULL,NULL,NULL
191,Alex Bogomolov Jr.,NULL,NULL,NULL,NULL,NULL,NULL,NULL,NULL,NULL,NULL,NULL,NULL,34,NULL,88,NULL,NULL,NULL,NULL,NULL
192,Tim Smyczek,NULL,NULL,NULL,NULL,NULL,NULL,NULL,NULL,NULL,NULL,NULL,NULL,NULL,NULL,89,NULL,NULL,NULL,NULL,NULL
193,Somdev Devvarman,NULL,NULL,NULL,NULL,NULL,NULL,NULL,NULL,NULL,NULL,NULL,NULL,84,NULL,90,NULL,NULL,NULL,NULL,NULL
194,Michael Russell,NULL,NULL,87,NULL,NULL,NULL,NULL,NULL,82,NULL,83,99,99,87,92,NULL,NULL,NULL,NULL,NULL
195,Aleksandr Nedovyesov,NULL,NULL,NULL,NULL,NULL,NULL,NULL,NULL,NULL,NULL,NULL,NULL,NULL,NULL,93,NULL,NULL,NULL,NULL,NULL
196,Mardy Fish,NULL,NULL,NULL,84,20,37,NULL,47,39,24,55,16,8,27,NULL,NULL,NULL,NULL,NULL,NULL
197,Andy Roddick,NULL,NULL,14,10,1,2,3,6,6,8,7,8,14,39,NULL,NULL,NULL,NULL,NULL,NULL
198,Michael Llodra,NULL,NULL,89,NULL,NULL,41,NULL,96,93,40,67,23,47,53,NULL,NULL,NULL,NULL,NULL,NULL
199,Grega Zemlja,NULL,NULL,NULL,NULL,NULL,NULL,NULL,NULL,NULL,NULL,NULL,NULL,NULL,55,NULL,NULL,NULL,NULL,NULL,NULL
200,Brian Baker,NULL,NULL,NULL,NULL,NULL,NULL,NULL,NULL,NULL,NULL,NULL,NULL,NULL,61,NULL,NULL,NULL,NULL,NULL,NULL
201,Xavier Malisse,NULL,NULL,33,25,55,48,47,37,NULL,NULL,94,60,49,63,NULL,NULL,NULL,NULL,NULL,NULL
202,Bjorn Phau,NULL,NULL,NULL,NULL,NULL,NULL,87,77,NULL,NULL,NULL,NULL,NULL,75,NULL,NULL,NULL,NULL,NULL,NULL
203,David Nalbandian,NULL,NULL,47,12,8,9,6,8,9,11,64,27,64,82,NULL,NULL,NULL,NULL,NULL,NULL
204,Jurgen Zopp,NULL,NULL,NULL,NULL,NULL,NULL,NULL,NULL,NULL,NULL,NULL,NULL,NULL,89,NULL,NULL,NULL,NULL,NULL,NULL
205,Olivier Rochus,NULL,68,NULL,64,48,66,27,36,48,NULL,57,NULL,67,90,NULL,NULL,NULL,NULL,NULL,NULL
206,Ruben Ramirez Hidalgo,NULL,NULL,NULL,NULL,80,NULL,NULL,57,NULL,NULL,NULL,77,NULL,91,NULL,NULL,NULL,NULL,NULL,NULL
207,Guillaume Rufin,NULL,NULL,NULL,NULL,NULL,NULL,NULL,NULL,NULL,NULL,NULL,NULL,NULL,92,NULL,NULL,NULL,NULL,NULL,NULL
208,Flavio Cipolla,NULL,NULL,NULL,NULL,NULL,NULL,NULL,NULL,NULL,NULL,NULL,NULL,75,95,NULL,NULL,NULL,NULL,NULL,NULL
209,Adrian Ungur,NULL,NULL,NULL,NULL,NULL,NULL,NULL,NULL,NULL,NULL,NULL,NULL,NULL,99,NULL,NULL,NULL,NULL,NULL,NULL
210,Robin Soderling,NULL,NULL,NULL,NULL,60,34,77,25,41,17,8,5,13,NULL,NULL,NULL,NULL,NULL,NULL,NULL
211,Juan Ignacio Chela,NULL,63,70,23,38,26,39,33,20,NULL,73,38,29,NULL,NULL,NULL,NULL,NULL,NULL,NULL
212,Ivan Ljubicic,77,91,37,49,42,22,9,5,18,44,24,17,30,NULL,NULL,NULL,NULL,NULL,NULL,NULL
213,Juan Carlos Ferrero,42,12,5,4,3,31,17,23,24,55,23,29,50,NULL,NULL,NULL,NULL,NULL,NULL,NULL
214,Potito Starace,NULL,NULL,NULL,NULL,NULL,76,NULL,83,31,72,62,47,58,NULL,NULL,NULL,NULL,NULL,NULL,NULL
215,James Blake,NULL,NULL,73,28,37,97,23,4,13,10,44,NULL,59,NULL,NULL,NULL,NULL,NULL,NULL,NULL
216,Philipp Petzschner,NULL,NULL,NULL,NULL,NULL,NULL,NULL,NULL,NULL,66,80,57,63,NULL,NULL,NULL,NULL,NULL,NULL,NULL
217,Rui Machado,NULL,NULL,NULL,NULL,NULL,NULL,NULL,NULL,NULL,NULL,NULL,93,68,NULL,NULL,NULL,NULL,NULL,NULL,NULL
218,Igor Kunitsyn,NULL,NULL,NULL,NULL,NULL,NULL,NULL,94,NULL,47,NULL,100,71,NULL,NULL,NULL,NULL,NULL,NULL,NULL
219,Ryan Sweeting,NULL,NULL,NULL,NULL,NULL,NULL,NULL,NULL,NULL,NULL,NULL,NULL,72,NULL,NULL,NULL,NULL,NULL,NULL,NULL
220,Ricardo Mello,NULL,NULL,NULL,NULL,NULL,71,NULL,NULL,NULL,NULL,NULL,76,85,NULL,NULL,NULL,NULL,NULL,NULL,NULL
221,Pere Riba,NULL,NULL,NULL,NULL,NULL,NULL,NULL,NULL,NULL,NULL,NULL,72,89,NULL,NULL,NULL,NULL,NULL,NULL,NULL
222,Matthias Bachinger,NULL,NULL,NULL,NULL,NULL,NULL,NULL,NULL,NULL,NULL,NULL,NULL,94,NULL,NULL,NULL,NULL,NULL,NULL,NULL
223,Eric Prodon,NULL,NULL,NULL,NULL,NULL,NULL,NULL,NULL,NULL,NULL,NULL,NULL,97,NULL,NULL,NULL,NULL,NULL,NULL,NULL
224,Andreas Beck,NULL,NULL,NULL,NULL,NULL,NULL,NULL,NULL,NULL,NULL,39,NULL,98,NULL,NULL,NULL,NULL,NULL,NULL,NULL
225,Michael Berrer,NULL,NULL,NULL,NULL,NULL,NULL,NULL,NULL,57,NULL,74,58,100,NULL,NULL,NULL,NULL,NULL,NULL,NULL
226,Fernando Gonzalez,NULL,NULL,NULL,18,35,23,11,10,7,15,11,68,NULL,NULL,NULL,NULL,NULL,NULL,NULL,NULL
227,Florent Serra,NULL,NULL,NULL,NULL,NULL,NULL,49,60,92,59,65,69,NULL,NULL,NULL,NULL,NULL,NULL,NULL,NULL
228,Eduardo Schwank,NULL,NULL,NULL,NULL,NULL,NULL,NULL,NULL,NULL,58,NULL,74,NULL,NULL,NULL,NULL,NULL,NULL,NULL,NULL
229,Arnaud Clement,56,18,17,38,31,NULL,69,42,54,93,63,78,NULL,NULL,NULL,NULL,NULL,NULL,NULL,NULL
230,Igor Andreev,NULL,NULL,NULL,NULL,88,50,26,91,33,19,35,79,NULL,NULL,NULL,NULL,NULL,NULL,NULL,NULL
231,Rainer Schuettler,48,45,43,33,6,42,88,97,99,33,85,84,NULL,NULL,NULL,NULL,NULL,NULL,NULL,NULL
232,Brian Dabul,NULL,NULL,NULL,NULL,NULL,NULL,NULL,NULL,NULL,NULL,NULL,85,NULL,NULL,NULL,NULL,NULL,NULL,NULL,NULL
233,Marsel Ilhan,NULL,NULL,NULL,NULL,NULL,NULL,NULL,NULL,NULL,NULL,NULL,90,NULL,NULL,NULL,NULL,NULL,NULL,NULL,NULL
234,Jan Hajek,NULL,NULL,NULL,NULL,NULL,NULL,NULL,76,NULL,NULL,NULL,95,NULL,NULL,NULL,NULL,NULL,NULL,NULL,NULL
235,Marcos Daniel,NULL,NULL,NULL,NULL,NULL,NULL,94,NULL,NULL,87,87,96,NULL,NULL,NULL,NULL,NULL,NULL,NULL,NULL
236,Jose Acasuso,NULL,NULL,86,41,NULL,67,40,27,65,48,51,NULL,NULL,NULL,NULL,NULL,NULL,NULL,NULL,NULL
237,Evgeny Korolev,NULL,NULL,NULL,NULL,NULL,NULL,NULL,NULL,80,NULL,53,NULL,NULL,NULL,NULL,NULL,NULL,NULL,NULL,NULL
238,Marco Chiudinelli,NULL,NULL,NULL,NULL,NULL,NULL,NULL,NULL,NULL,NULL,56,NULL,NULL,NULL,NULL,NULL,NULL,NULL,NULL,NULL
239,Marc Gicquel,NULL,NULL,NULL,NULL,NULL,NULL,NULL,50,70,54,58,NULL,NULL,NULL,NULL,NULL,NULL,NULL,NULL,NULL
240,Simon Greul,NULL,NULL,NULL,NULL,NULL,NULL,NULL,82,NULL,NULL,59,NULL,NULL,NULL,NULL,NULL,NULL,NULL,NULL,NULL
241,Maximo Gonzalez,NULL,NULL,NULL,NULL,NULL,NULL,NULL,NULL,NULL,NULL,66,NULL,NULL,NULL,NULL,NULL,NULL,NULL,NULL,NULL
242,Fabrice Santoro,34,31,22,35,62,52,58,52,37,52,68,NULL,NULL,NULL,NULL,NULL,NULL,NULL,NULL,NULL
243,Fred Gil,NULL,NULL,NULL,NULL,NULL,NULL,NULL,NULL,NULL,NULL,69,NULL,NULL,NULL,NULL,NULL,NULL,NULL,NULL,NULL
244,Oscar Hernandez,NULL,NULL,NULL,NULL,89,85,NULL,NULL,58,68,70,NULL,NULL,NULL,NULL,NULL,NULL,NULL,NULL,NULL
245,Daniel Koellerer,NULL,NULL,NULL,NULL,NULL,NULL,NULL,NULL,NULL,NULL,71,NULL,NULL,NULL,NULL,NULL,NULL,NULL,NULL,NULL
246,Taylor Dent,NULL,NULL,NULL,57,33,32,29,NULL,NULL,NULL,76,NULL,NULL,NULL,NULL,NULL,NULL,NULL,NULL,NULL
247,Peter Luczak,NULL,NULL,NULL,NULL,NULL,NULL,NULL,NULL,79,NULL,77,NULL,NULL,NULL,NULL,NULL,NULL,NULL,NULL,NULL
248,Christophe Rochus,NULL,74,69,NULL,84,NULL,41,78,NULL,69,86,NULL,NULL,NULL,NULL,NULL,NULL,NULL,NULL,NULL
249,Mario Ancic,NULL,NULL,NULL,89,74,29,21,9,83,36,95,NULL,NULL,NULL,NULL,NULL,NULL,NULL,NULL,NULL
250,Nicolas Lapentti,8,24,23,29,57,NULL,95,67,NULL,86,97,NULL,NULL,NULL,NULL,NULL,NULL,NULL,NULL,NULL
251,Martin Vassallo Arguello,NULL,NULL,NULL,NULL,NULL,NULL,NULL,81,74,71,99,NULL,NULL,NULL,NULL,NULL,NULL,NULL,NULL,NULL
252,Robby Ginepri,NULL,NULL,NULL,100,32,63,15,51,NULL,51,100,NULL,NULL,NULL,NULL,NULL,NULL,NULL,NULL,NULL
253,Marat Safin,24,2,11,3,77,4,12,26,56,29,NULL,NULL,NULL,NULL,NULL,NULL,NULL,NULL,NULL,NULL
254,Nicolas Kiefer,6,20,42,72,58,21,22,48,49,38,NULL,NULL,NULL,NULL,NULL,NULL,NULL,NULL,NULL,NULL
255,Carlos Moya,23,41,19,5,7,5,31,43,17,42,NULL,NULL,NULL,NULL,NULL,NULL,NULL,NULL,NULL,NULL
256,Agustin Calleri,NULL,62,67,50,24,58,51,29,42,60,NULL,NULL,NULL,NULL,NULL,NULL,NULL,NULL,NULL,NULL
257,Bobby Reynolds,NULL,NULL,NULL,NULL,NULL,NULL,92,NULL,NULL,70,NULL,NULL,NULL,NULL,NULL,NULL,NULL,NULL,NULL,NULL
258,Nicolas Devilder,NULL,NULL,NULL,NULL,NULL,NULL,NULL,95,NULL,73,NULL,NULL,NULL,NULL,NULL,NULL,NULL,NULL,NULL,NULL
259,Ivan Navarro,NULL,NULL,NULL,NULL,NULL,NULL,NULL,NULL,NULL,74,NULL,NULL,NULL,NULL,NULL,NULL,NULL,NULL,NULL,NULL
260,Vincent Spadea,20,NULL,NULL,67,29,20,75,73,77,76,NULL,NULL,NULL,NULL,NULL,NULL,NULL,NULL,NULL,NULL
261,Nicolas Massu,97,87,80,56,12,19,65,44,78,77,NULL,NULL,NULL,NULL,NULL,NULL,NULL,NULL,NULL,NULL
262,Diego Junqueira,NULL,NULL,NULL,NULL,NULL,NULL,NULL,NULL,NULL,78,NULL,NULL,NULL,NULL,NULL,NULL,NULL,NULL,NULL,NULL
263,Guillermo Canas,71,NULL,15,15,NULL,12,NULL,NULL,15,79,NULL,NULL,NULL,NULL,NULL,NULL,NULL,NULL,NULL,NULL
264,Jan Hernych,NULL,NULL,NULL,NULL,NULL,83,74,75,NULL,81,NULL,NULL,NULL,NULL,NULL,NULL,NULL,NULL,NULL,NULL
265,Denis Gremelmayr,NULL,NULL,NULL,NULL,NULL,NULL,NULL,NULL,NULL,83,NULL,NULL,NULL,NULL,NULL,NULL,NULL,NULL,NULL,NULL
266,Kristof Vliegen,NULL,NULL,NULL,NULL,NULL,NULL,93,31,98,84,NULL,NULL,NULL,NULL,NULL,NULL,NULL,NULL,NULL,NULL
267,Roko Karanusic,NULL,NULL,NULL,NULL,NULL,NULL,NULL,NULL,NULL,91,NULL,NULL,NULL,NULL,NULL,NULL,NULL,NULL,NULL,NULL
268,Chris Guccione,NULL,NULL,NULL,NULL,NULL,NULL,NULL,NULL,91,96,NULL,NULL,NULL,NULL,NULL,NULL,NULL,NULL,NULL,NULL
269,Robert Kendrick,NULL,NULL,NULL,NULL,NULL,NULL,NULL,87,NULL,97,NULL,NULL,NULL,NULL,NULL,NULL,NULL,NULL,NULL,NULL
270,Ivo Minar,NULL,NULL,NULL,NULL,NULL,NULL,73,NULL,NULL,99,NULL,NULL,NULL,NULL,NULL,NULL,NULL,NULL,NULL,NULL
271,Alberto Martin,57,79,41,61,54,68,50,61,NULL,100,NULL,NULL,NULL,NULL,NULL,NULL,NULL,NULL,NULL,NULL
272,Stefan Koubek,46,54,63,54,53,60,NULL,80,47,NULL,NULL,NULL,NULL,NULL,NULL,NULL,NULL,NULL,NULL,NULL
273,Hyung-Taik Lee,NULL,90,NULL,87,56,59,NULL,49,51,NULL,NULL,NULL,NULL,NULL,NULL,NULL,NULL,NULL,NULL,NULL
274,Sebastien Grosjean,27,19,6,17,10,15,25,28,53,NULL,NULL,NULL,NULL,NULL,NULL,NULL,NULL,NULL,NULL,NULL
275,Jonas Bjorkman,73,44,60,48,30,70,62,54,59,NULL,NULL,NULL,NULL,NULL,NULL,NULL,NULL,NULL,NULL,NULL
276,Thomas Johansson,39,39,18,14,NULL,30,13,71,62,NULL,NULL,NULL,NULL,NULL,NULL,NULL,NULL,NULL,NULL,NULL
277,Werner Eschauer,NULL,NULL,NULL,NULL,NULL,NULL,NULL,NULL,66,NULL,NULL,NULL,NULL,NULL,NULL,NULL,NULL,NULL,NULL,NULL
278,Sergio Roitman,NULL,NULL,NULL,NULL,NULL,NULL,NULL,72,69,NULL,NULL,NULL,NULL,NULL,NULL,NULL,NULL,NULL,NULL,NULL
279,Frank Dancevic,NULL,NULL,NULL,NULL,NULL,NULL,NULL,88,72,NULL,NULL,NULL,NULL,NULL,NULL,NULL,NULL,NULL,NULL,NULL
280,Luis Horna,NULL,NULL,NULL,85,64,38,84,63,73,NULL,NULL,NULL,NULL,NULL,NULL,NULL,NULL,NULL,NULL,NULL
281,Andrei Pavel,41,27,28,26,69,18,80,NULL,75,NULL,NULL,NULL,NULL,NULL,NULL,NULL,NULL,NULL,NULL,NULL
282,Santiago Ventura,NULL,NULL,NULL,NULL,NULL,NULL,NULL,NULL,87,NULL,NULL,NULL,NULL,NULL,NULL,NULL,NULL,NULL,NULL,NULL
283,Diego Hartfield,NULL,NULL,NULL,NULL,NULL,NULL,NULL,NULL,89,NULL,NULL,NULL,NULL,NULL,NULL,NULL,NULL,NULL,NULL,NULL
284,Thierry Ascione,NULL,NULL,NULL,NULL,NULL,NULL,96,NULL,94,NULL,NULL,NULL,NULL,NULL,NULL,NULL,NULL,NULL,NULL,NULL
285,Boris Pashanski,NULL,NULL,NULL,NULL,NULL,NULL,82,NULL,96,NULL,NULL,NULL,NULL,NULL,NULL,NULL,NULL,NULL,NULL,NULL
286,Dominik Hrbaty,21,17,36,51,61,14,18,21,NULL,NULL,NULL,NULL,NULL,NULL,NULL,NULL,NULL,NULL,NULL,NULL
287,Gaston Gaudio,72,34,48,21,34,10,10,34,NULL,NULL,NULL,NULL,NULL,NULL,NULL,NULL,NULL,NULL,NULL,NULL
288,Tim Henman,12,10,9,8,15,6,36,39,NULL,NULL,NULL,NULL,NULL,NULL,NULL,NULL,NULL,NULL,NULL,NULL
289,Paradorn Srichaphan,99,NULL,NULL,16,11,27,42,53,NULL,NULL,NULL,NULL,NULL,NULL,NULL,NULL,NULL,NULL,NULL,NULL
290,Max Mirnyi,74,40,35,43,23,47,34,59,NULL,NULL,NULL,NULL,NULL,NULL,NULL,NULL,NULL,NULL,NULL,NULL
291,Daniele Bracciali,NULL,NULL,NULL,NULL,NULL,NULL,81,65,NULL,NULL,NULL,NULL,NULL,NULL,NULL,NULL,NULL,NULL,NULL,NULL
292,Paul Goldstein,89,81,NULL,NULL,NULL,NULL,67,70,NULL,NULL,NULL,NULL,NULL,NULL,NULL,NULL,NULL,NULL,NULL,NULL
293,Kristian Pless,NULL,NULL,68,82,NULL,NULL,NULL,84,NULL,NULL,NULL,NULL,NULL,NULL,NULL,NULL,NULL,NULL,NULL,NULL
294,Justin Gimelstob,82,97,NULL,NULL,NULL,NULL,NULL,86,NULL,NULL,NULL,NULL,NULL,NULL,NULL,NULL,NULL,NULL,NULL,NULL
295,Alessio Di Mauro,NULL,NULL,NULL,NULL,NULL,NULL,NULL,90,NULL,NULL,NULL,NULL,NULL,NULL,NULL,NULL,NULL,NULL,NULL,NULL
296,Amer Delic,NULL,NULL,NULL,NULL,NULL,NULL,NULL,93,NULL,NULL,NULL,NULL,NULL,NULL,NULL,NULL,NULL,NULL,NULL,NULL
297,Lukas Dlouhy,NULL,NULL,NULL,NULL,NULL,NULL,98,99,NULL,NULL,NULL,NULL,NULL,NULL,NULL,NULL,NULL,NULL,NULL,NULL
298,Olivier Patience,NULL,NULL,NULL,NULL,NULL,NULL,NULL,100,NULL,NULL,NULL,NULL,NULL,NULL,NULL,NULL,NULL,NULL,NULL,NULL
299,Andre Agassi,1,6,3,2,4,8,7,NULL,NULL,NULL,NULL,NULL,NULL,NULL,NULL,NULL,NULL,NULL,NULL,NULL
300,Guillermo Coria,NULL,88,44,45,5,7,8,NULL,NULL,NULL,NULL,NULL,NULL,NULL,NULL,NULL,NULL,NULL,NULL,NULL
301,Greg Rusedski,14,69,31,31,NULL,46,37,NULL,NULL,NULL,NULL,NULL,NULL,NULL,NULL,NULL,NULL,NULL,NULL,NULL
302,Davide Sanguinetti,NULL,65,91,46,65,NULL,44,NULL,NULL,NULL,NULL,NULL,NULL,NULL,NULL,NULL,NULL,NULL,NULL,NULL
303,Jiri Novak,40,53,29,7,13,24,48,NULL,NULL,NULL,NULL,NULL,NULL,NULL,NULL,NULL,NULL,NULL,NULL,NULL
304,Joachim Johansson,NULL,NULL,NULL,NULL,95,11,53,NULL,NULL,NULL,NULL,NULL,NULL,NULL,NULL,NULL,NULL,NULL,NULL,NULL
305,Mariano Puerta,NULL,21,NULL,NULL,NULL,NULL,56,NULL,NULL,NULL,NULL,NULL,NULL,NULL,NULL,NULL,NULL,NULL,NULL,NULL
306,Karol Beck,NULL,NULL,NULL,NULL,66,44,57,NULL,NULL,NULL,NULL,NULL,NULL,NULL,NULL,NULL,NULL,NULL,NULL,NULL
307,Tomas Zib,NULL,NULL,NULL,NULL,NULL,NULL,59,NULL,NULL,NULL,NULL,NULL,NULL,NULL,NULL,NULL,NULL,NULL,NULL,NULL
308,Robin Vik,NULL,NULL,NULL,NULL,NULL,NULL,61,NULL,NULL,NULL,NULL,NULL,NULL,NULL,NULL,NULL,NULL,NULL,NULL,NULL
309,Wesley Moodie,NULL,NULL,NULL,NULL,82,NULL,63,NULL,NULL,NULL,NULL,NULL,NULL,NULL,NULL,NULL,NULL,NULL,NULL,NULL
310,Kenneth Carlsen,85,NULL,NULL,65,NULL,84,66,NULL,NULL,NULL,NULL,NULL,NULL,NULL,NULL,NULL,NULL,NULL,NULL,NULL
311,Mariano Zabaleta,28,61,59,53,27,54,83,NULL,NULL,NULL,NULL,NULL,NULL,NULL,NULL,NULL,NULL,NULL,NULL,NULL
312,Tomas Behrend,NULL,NULL,NULL,NULL,87,NULL,89,NULL,NULL,NULL,NULL,NULL,NULL,NULL,NULL,NULL,NULL,NULL,NULL,NULL
313,Cyril Saulnier,NULL,NULL,NULL,NULL,86,53,90,NULL,NULL,NULL,NULL,NULL,NULL,NULL,NULL,NULL,NULL,NULL,NULL,NULL
314,Wayne Arthurs,NULL,83,77,52,NULL,NULL,97,NULL,NULL,NULL,NULL,NULL,NULL,NULL,NULL,NULL,NULL,NULL,NULL,NULL
315,Jiri Vanek,NULL,77,NULL,NULL,NULL,NULL,99,NULL,NULL,NULL,NULL,NULL,NULL,NULL,NULL,NULL,NULL,NULL,NULL,NULL
316,Jimmy Wang,NULL,NULL,NULL,NULL,NULL,NULL,100,NULL,NULL,NULL,NULL,NULL,NULL,NULL,NULL,NULL,NULL,NULL,NULL,NULL
317,Gustavo Kuerten,5,1,2,37,16,40,NULL,NULL,NULL,NULL,NULL,NULL,NULL,NULL,NULL,NULL,NULL,NULL,NULL,NULL
318,Martin Verkerk,NULL,NULL,NULL,86,19,55,NULL,NULL,NULL,NULL,NULL,NULL,NULL,NULL,NULL,NULL,NULL,NULL,NULL,NULL
319,Albert Costa,18,26,40,9,25,56,NULL,NULL,NULL,NULL,NULL,NULL,NULL,NULL,NULL,NULL,NULL,NULL,NULL,NULL
320,Sjeng Schalken,44,22,26,20,18,57,NULL,NULL,NULL,NULL,NULL,NULL,NULL,NULL,NULL,NULL,NULL,NULL,NULL,NULL
321,Hicham Arazi,36,30,25,90,52,62,NULL,NULL,NULL,NULL,NULL,NULL,NULL,NULL,NULL,NULL,NULL,NULL,NULL,NULL
322,Nicolas Escude,37,48,27,34,NULL,64,NULL,NULL,NULL,NULL,NULL,NULL,NULL,NULL,NULL,NULL,NULL,NULL,NULL,NULL
323,Thomas Enqvist,4,9,24,44,96,72,NULL,NULL,NULL,NULL,NULL,NULL,NULL,NULL,NULL,NULL,NULL,NULL,NULL,NULL
324,David Sanchez,NULL,89,74,60,50,74,NULL,NULL,NULL,NULL,NULL,NULL,NULL,NULL,NULL,NULL,NULL,NULL,NULL,NULL
325,Sargis Sargsian,59,94,72,NULL,39,75,NULL,NULL,NULL,NULL,NULL,NULL,NULL,NULL,NULL,NULL,NULL,NULL,NULL,NULL
326,Irakli Labadze,NULL,NULL,NULL,93,72,78,NULL,NULL,NULL,NULL,NULL,NULL,NULL,NULL,NULL,NULL,NULL,NULL,NULL,NULL
327,Antony Dupuis,83,NULL,90,70,78,79,NULL,NULL,NULL,NULL,NULL,NULL,NULL,NULL,NULL,NULL,NULL,NULL,NULL,NULL
328,Alex Calatrava,NULL,56,100,NULL,NULL,81,NULL,NULL,NULL,NULL,NULL,NULL,NULL,NULL,NULL,NULL,NULL,NULL,NULL,NULL
329,Raemon Sluiter,NULL,95,NULL,71,59,82,NULL,NULL,NULL,NULL,NULL,NULL,NULL,NULL,NULL,NULL,NULL,NULL,NULL,NULL
330,Bohdan Ulihrach,NULL,76,32,75,NULL,86,NULL,NULL,NULL,NULL,NULL,NULL,NULL,NULL,NULL,NULL,NULL,NULL,NULL,NULL
331,Peter Wessels,NULL,NULL,NULL,NULL,NULL,89,NULL,NULL,NULL,NULL,NULL,NULL,NULL,NULL,NULL,NULL,NULL,NULL,NULL,NULL
332,Gregory Carraz,NULL,NULL,NULL,NULL,67,90,NULL,NULL,NULL,NULL,NULL,NULL,NULL,NULL,NULL,NULL,NULL,NULL,NULL,NULL
333,Karol Kucera,17,73,NULL,83,40,91,NULL,NULL,NULL,NULL,NULL,NULL,NULL,NULL,NULL,NULL,NULL,NULL,NULL,NULL
334,Jerome Haehnel,NULL,NULL,NULL,NULL,NULL,93,NULL,NULL,NULL,NULL,NULL,NULL,NULL,NULL,NULL,NULL,NULL,NULL,NULL,NULL
335,Kevin Kim,NULL,NULL,NULL,NULL,NULL,94,NULL,NULL,NULL,NULL,NULL,NULL,NULL,NULL,NULL,NULL,NULL,NULL,NULL,NULL
336,Jan-Michael Gambill,58,33,21,42,51,95,NULL,NULL,NULL,NULL,NULL,NULL,NULL,NULL,NULL,NULL,NULL,NULL,NULL,NULL
337,Jeff Morrison,NULL,NULL,NULL,97,NULL,96,NULL,NULL,NULL,NULL,NULL,NULL,NULL,NULL,NULL,NULL,NULL,NULL,NULL,NULL
338,Michal Tabara,NULL,96,64,NULL,NULL,98,NULL,NULL,NULL,NULL,NULL,NULL,NULL,NULL,NULL,NULL,NULL,NULL,NULL,NULL
339,Lars Burgsmuller,NULL,NULL,83,76,76,100,NULL,NULL,NULL,NULL,NULL,NULL,NULL,NULL,NULL,NULL,NULL,NULL,NULL,NULL
340,Mark Philippoussis,19,11,NULL,80,9,NULL,NULL,NULL,NULL,NULL,NULL,NULL,NULL,NULL,NULL,NULL,NULL,NULL,NULL,NULL
341,Younes El Aynaoui,33,25,38,22,14,NULL,NULL,NULL,NULL,NULL,NULL,NULL,NULL,NULL,NULL,NULL,NULL,NULL,NULL,NULL
342,Felix Mantilla,22,99,45,55,22,NULL,NULL,NULL,NULL,NULL,NULL,NULL,NULL,NULL,NULL,NULL,NULL,NULL,NULL,NULL
343,Wayne Ferreira,53,13,62,39,26,NULL,NULL,NULL,NULL,NULL,NULL,NULL,NULL,NULL,NULL,NULL,NULL,NULL,NULL,NULL
344,Yevgeny Kafelnikov,2,5,4,27,41,NULL,NULL,NULL,NULL,NULL,NULL,NULL,NULL,NULL,NULL,NULL,NULL,NULL,NULL,NULL
345,Flavio Saretta,NULL,NULL,98,92,45,NULL,NULL,NULL,NULL,NULL,NULL,NULL,NULL,NULL,NULL,NULL,NULL,NULL,NULL,NULL
346,Fernando Vicente,49,47,52,58,63,NULL,NULL,NULL,NULL,NULL,NULL,NULL,NULL,NULL,NULL,NULL,NULL,NULL,NULL,NULL
347,Todd Martin,7,55,57,47,68,NULL,NULL,NULL,NULL,NULL,NULL,NULL,NULL,NULL,NULL,NULL,NULL,NULL,NULL,NULL
348,Brian Vahaly,NULL,NULL,NULL,NULL,75,NULL,NULL,NULL,NULL,NULL,NULL,NULL,NULL,NULL,NULL,NULL,NULL,NULL,NULL,NULL
349,Albert Portas,90,51,20,88,85,NULL,NULL,NULL,NULL,NULL,NULL,NULL,NULL,NULL,NULL,NULL,NULL,NULL,NULL,NULL
350,Alexander Popp,NULL,86,NULL,NULL,90,NULL,NULL,NULL,NULL,NULL,NULL,NULL,NULL,NULL,NULL,NULL,NULL,NULL,NULL,NULL
351,Dennis Van Scheppingen,NULL,NULL,NULL,NULL,91,NULL,NULL,NULL,NULL,NULL,NULL,NULL,NULL,NULL,NULL,NULL,NULL,NULL,NULL,NULL
352,John van Lottum,69,NULL,NULL,NULL,92,NULL,NULL,NULL,NULL,NULL,NULL,NULL,NULL,NULL,NULL,NULL,NULL,NULL,NULL,NULL
353,Jean-Rene Lisnard,NULL,NULL,NULL,NULL,97,NULL,NULL,NULL,NULL,NULL,NULL,NULL,NULL,NULL,NULL,NULL,NULL,NULL,NULL,NULL
354,Galo Blanco,75,NULL,56,NULL,99,NULL,NULL,NULL,NULL,NULL,NULL,NULL,NULL,NULL,NULL,NULL,NULL,NULL,NULL,NULL
355,Alex Corretja,26,8,16,19,100,NULL,NULL,NULL,NULL,NULL,NULL,NULL,NULL,NULL,NULL,NULL,NULL,NULL,NULL,NULL
356,Pete Sampras,3,3,10,13,NULL,NULL,NULL,NULL,NULL,NULL,NULL,NULL,NULL,NULL,NULL,NULL,NULL,NULL,NULL,NULL
357,Marcelo Rios,9,37,39,24,NULL,NULL,NULL,NULL,NULL,NULL,NULL,NULL,NULL,NULL,NULL,NULL,NULL,NULL,NULL,NULL
358,Andre Sa,NULL,NULL,85,66,NULL,NULL,NULL,NULL,NULL,NULL,NULL,NULL,NULL,NULL,NULL,NULL,NULL,NULL,NULL,NULL
359,Adrian Voinea,100,NULL,97,68,NULL,NULL,NULL,NULL,NULL,NULL,NULL,NULL,NULL,NULL,NULL,NULL,NULL,NULL,NULL,NULL
360,Michel Kratochvil,NULL,93,46,69,NULL,NULL,NULL,NULL,NULL,NULL,NULL,NULL,NULL,NULL,NULL,NULL,NULL,NULL,NULL,NULL
361,Vladimir Voltchkov,NULL,46,99,73,NULL,NULL,NULL,NULL,NULL,NULL,NULL,NULL,NULL,NULL,NULL,NULL,NULL,NULL,NULL,NULL
362,Fernando Meligeni,29,100,71,74,NULL,NULL,NULL,NULL,NULL,NULL,NULL,NULL,NULL,NULL,NULL,NULL,NULL,NULL,NULL,NULL
363,Julien Boutter,NULL,70,53,77,NULL,NULL,NULL,NULL,NULL,NULL,NULL,NULL,NULL,NULL,NULL,NULL,NULL,NULL,NULL,NULL
364,Franco Squillari,52,14,55,79,NULL,NULL,NULL,NULL,NULL,NULL,NULL,NULL,NULL,NULL,NULL,NULL,NULL,NULL,NULL,NULL
365,Olivier Mutis,NULL,NULL,NULL,94,NULL,NULL,NULL,NULL,NULL,NULL,NULL,NULL,NULL,NULL,NULL,NULL,NULL,NULL,NULL,NULL
366,Attila Savolt,NULL,NULL,93,95,NULL,NULL,NULL,NULL,NULL,NULL,NULL,NULL,NULL,NULL,NULL,NULL,NULL,NULL,NULL,NULL
367,Dick Norman,NULL,NULL,NULL,96,NULL,NULL,NULL,NULL,NULL,NULL,NULL,NULL,NULL,NULL,NULL,NULL,NULL,NULL,NULL,NULL
368,Arnaud Di Pasquale,47,60,NULL,98,NULL,NULL,NULL,NULL,NULL,NULL,NULL,NULL,NULL,NULL,NULL,NULL,NULL,NULL,NULL,NULL
369,Jerome Golmard,35,42,50,99,NULL,NULL,NULL,NULL,NULL,NULL,NULL,NULL,NULL,NULL,NULL,NULL,NULL,NULL,NULL,NULL
370,Patrick Rafter,16,15,7,NULL,NULL,NULL,NULL,NULL,NULL,NULL,NULL,NULL,NULL,NULL,NULL,NULL,NULL,NULL,NULL,NULL
371,Goran Ivanisevic,62,NULL,12,NULL,NULL,NULL,NULL,NULL,NULL,NULL,NULL,NULL,NULL,NULL,NULL,NULL,NULL,NULL,NULL,NULL
372,Andreas Vinciguerra,98,52,34,NULL,NULL,NULL,NULL,NULL,NULL,NULL,NULL,NULL,NULL,NULL,NULL,NULL,NULL,NULL,NULL,NULL
373,Magnus Norman,15,4,49,NULL,NULL,NULL,NULL,NULL,NULL,NULL,NULL,NULL,NULL,NULL,NULL,NULL,NULL,NULL,NULL,NULL
374,Francisco Clavet,38,49,51,NULL,NULL,NULL,NULL,NULL,NULL,NULL,NULL,NULL,NULL,NULL,NULL,NULL,NULL,NULL,NULL,NULL
375,Andrea Gaudenzi,84,NULL,54,NULL,NULL,NULL,NULL,NULL,NULL,NULL,NULL,NULL,NULL,NULL,NULL,NULL,NULL,NULL,NULL,NULL
376,Andrew Ilie,54,50,66,NULL,NULL,NULL,NULL,NULL,NULL,NULL,NULL,NULL,NULL,NULL,NULL,NULL,NULL,NULL,NULL,NULL
377,Jan Vacek,NULL,NULL,75,NULL,NULL,NULL,NULL,NULL,NULL,NULL,NULL,NULL,NULL,NULL,NULL,NULL,NULL,NULL,NULL,NULL
378,Markus Hipfl,76,NULL,76,NULL,NULL,NULL,NULL,NULL,NULL,NULL,NULL,NULL,NULL,NULL,NULL,NULL,NULL,NULL,NULL,NULL
379,Harel Levy,NULL,59,78,NULL,NULL,NULL,NULL,NULL,NULL,NULL,NULL,NULL,NULL,NULL,NULL,NULL,NULL,NULL,NULL,NULL
380,Andrei Stoliarov,NULL,NULL,81,NULL,NULL,NULL,NULL,NULL,NULL,NULL,NULL,NULL,NULL,NULL,NULL,NULL,NULL,NULL,NULL,NULL
381,Magnus Gustafsson,60,82,82,NULL,NULL,NULL,NULL,NULL,NULL,NULL,NULL,NULL,NULL,NULL,NULL,NULL,NULL,NULL,NULL,NULL
382,Cedric Pioline,13,16,84,NULL,NULL,NULL,NULL,NULL,NULL,NULL,NULL,NULL,NULL,NULL,NULL,NULL,NULL,NULL,NULL,NULL
383,Jacobo Diaz,92,NULL,88,NULL,NULL,NULL,NULL,NULL,NULL,NULL,NULL,NULL,NULL,NULL,NULL,NULL,NULL,NULL,NULL,NULL
384,Ramon Delgado,NULL,NULL,92,NULL,NULL,NULL,NULL,NULL,NULL,NULL,NULL,NULL,NULL,NULL,NULL,NULL,NULL,NULL,NULL,NULL
385,Michael Chang,50,32,94,NULL,NULL,NULL,NULL,NULL,NULL,NULL,NULL,NULL,NULL,NULL,NULL,NULL,NULL,NULL,NULL,NULL
386,Juan Balcells,NULL,71,95,NULL,NULL,NULL,NULL,NULL,NULL,NULL,NULL,NULL,NULL,NULL,NULL,NULL,NULL,NULL,NULL,NULL
387,Federico Luzzi,NULL,NULL,96,NULL,NULL,NULL,NULL,NULL,NULL,NULL,NULL,NULL,NULL,NULL,NULL,NULL,NULL,NULL,NULL,NULL
388,Marc Rosset,45,28,NULL,NULL,NULL,NULL,NULL,NULL,NULL,NULL,NULL,NULL,NULL,NULL,NULL,NULL,NULL,NULL,NULL,NULL
389,Byron Black,65,35,NULL,NULL,NULL,NULL,NULL,NULL,NULL,NULL,NULL,NULL,NULL,NULL,NULL,NULL,NULL,NULL,NULL,NULL
390,Richard Krajicek,10,36,NULL,NULL,NULL,NULL,NULL,NULL,NULL,NULL,NULL,NULL,NULL,NULL,NULL,NULL,NULL,NULL,NULL,NULL
391,David Prinosil,66,38,NULL,NULL,NULL,NULL,NULL,NULL,NULL,NULL,NULL,NULL,NULL,NULL,NULL,NULL,NULL,NULL,NULL,NULL
392,Gianluca Pozzi,94,43,NULL,NULL,NULL,NULL,NULL,NULL,NULL,NULL,NULL,NULL,NULL,NULL,NULL,NULL,NULL,NULL,NULL,NULL
393,Karim Alami,31,57,NULL,NULL,NULL,NULL,NULL,NULL,NULL,NULL,NULL,NULL,NULL,NULL,NULL,NULL,NULL,NULL,NULL,NULL
394,Andrei Medvedev,30,58,NULL,NULL,NULL,NULL,NULL,NULL,NULL,NULL,NULL,NULL,NULL,NULL,NULL,NULL,NULL,NULL,NULL,NULL
395,Slava Dosedel,63,64,NULL,NULL,NULL,NULL,NULL,NULL,NULL,NULL,NULL,NULL,NULL,NULL,NULL,NULL,NULL,NULL,NULL,NULL
396,Jason Stoltenberg,80,66,NULL,NULL,NULL,NULL,NULL,NULL,NULL,NULL,NULL,NULL,NULL,NULL,NULL,NULL,NULL,NULL,NULL,NULL
397,Chris Woodruff,51,67,NULL,NULL,NULL,NULL,NULL,NULL,NULL,NULL,NULL,NULL,NULL,NULL,NULL,NULL,NULL,NULL,NULL,NULL
398,Markus Hantschk,NULL,72,NULL,NULL,NULL,NULL,NULL,NULL,NULL,NULL,NULL,NULL,NULL,NULL,NULL,NULL,NULL,NULL,NULL,NULL
399,Magnus Larsson,95,75,NULL,NULL,NULL,NULL,NULL,NULL,NULL,NULL,NULL,NULL,NULL,NULL,NULL,NULL,NULL,NULL,NULL,NULL
400,Martin Damm,NULL,78,NULL,NULL,NULL,NULL,NULL,NULL,NULL,NULL,NULL,NULL,NULL,NULL,NULL,NULL,NULL,NULL,NULL,NULL
401,Mikael Tillstrom,79,80,NULL,NULL,NULL,NULL,NULL,NULL,NULL,NULL,NULL,NULL,NULL,NULL,NULL,NULL,NULL,NULL,NULL,NULL
402,Richard Fromberg,78,84,NULL,NULL,NULL,NULL,NULL,NULL,NULL,NULL,NULL,NULL,NULL,NULL,NULL,NULL,NULL,NULL,NULL,NULL
403,Sergi Bruguera,NULL,85,NULL,NULL,NULL,NULL,NULL,NULL,NULL,NULL,NULL,NULL,NULL,NULL,NULL,NULL,NULL,NULL,NULL,NULL
404,German Puentes,NULL,92,NULL,NULL,NULL,NULL,NULL,NULL,NULL,NULL,NULL,NULL,NULL,NULL,NULL,NULL,NULL,NULL,NULL,NULL
405,Daniel Elsner,NULL,98,NULL,NULL,NULL,NULL,NULL,NULL,NULL,NULL,NULL,NULL,NULL,NULL,NULL,NULL,NULL,NULL,NULL,NULL
406,Jim Courier,32,NULL,NULL,NULL,NULL,NULL,NULL,NULL,NULL,NULL,NULL,NULL,NULL,NULL,NULL,NULL,NULL,NULL,NULL,NULL
407,Daniel Vacek,43,NULL,NULL,NULL,NULL,NULL,NULL,NULL,NULL,NULL,NULL,NULL,NULL,NULL,NULL,NULL,NULL,NULL,NULL,NULL
408,Jeff Tarango,55,NULL,NULL,NULL,NULL,NULL,NULL,NULL,NULL,NULL,NULL,NULL,NULL,NULL,NULL,NULL,NULL,NULL,NULL,NULL
409,Alberto Berasategui,61,NULL,NULL,NULL,NULL,NULL,NULL,NULL,NULL,NULL,NULL,NULL,NULL,NULL,NULL,NULL,NULL,NULL,NULL,NULL
410,Christian Ruud,67,NULL,NULL,NULL,NULL,NULL,NULL,NULL,NULL,NULL,NULL,NULL,NULL,NULL,NULL,NULL,NULL,NULL,NULL,NULL
411,Hernan Gumy,68,NULL,NULL,NULL,NULL,NULL,NULL,NULL,NULL,NULL,NULL,NULL,NULL,NULL,NULL,NULL,NULL,NULL,NULL,NULL
412,Juan Antonio Marin,70,NULL,NULL,NULL,NULL,NULL,NULL,NULL,NULL,NULL,NULL,NULL,NULL,NULL,NULL,NULL,NULL,NULL,NULL,NULL
413,George Bastl,81,NULL,NULL,NULL,NULL,NULL,NULL,NULL,NULL,NULL,NULL,NULL,NULL,NULL,NULL,NULL,NULL,NULL,NULL,NULL
414,Daniel Nestor,86,NULL,NULL,NULL,NULL,NULL,NULL,NULL,NULL,NULL,NULL,NULL,NULL,NULL,NULL,NULL,NULL,NULL,NULL,NULL
415,Laurence Tieleman,87,NULL,NULL,NULL,NULL,NULL,NULL,NULL,NULL,NULL,NULL,NULL,NULL,NULL,NULL,NULL,NULL,NULL,NULL,NULL
416,Jan Siemerink,88,NULL,NULL,NULL,NULL,NULL,NULL,NULL,NULL,NULL,NULL,NULL,NULL,NULL,NULL,NULL,NULL,NULL,NULL,NULL
417,Jens Knippschild,91,NULL,NULL,NULL,NULL,NULL,NULL,NULL,NULL,NULL,NULL,NULL,NULL,NULL,NULL,NULL,NULL,NULL,NULL,NULL
418,Cecil Mamiit,93,NULL,NULL,NULL,NULL,NULL,NULL,NULL,NULL,NULL,NULL,NULL,NULL,NULL,NULL,NULL,NULL,NULL,NULL,NULL
419,Ronald Agenor,96,NULL,NULL,NULL,NULL,NULL,NULL,NULL,NULL,NULL,NULL,NULL,NULL,NULL,NULL,NULL,NULL,NULL,NULL,NULL
